{"name":"RecommendPortfolio","identifier":"REAIITKRPL","description":null,"parentIntentSignature":null,"sampleUtterances":[{"utterance":"I want to save money for my retirement"},{"utterance":"I'm {age} and I would like to invest for my retirement"},{"utterance":"I'm {age} and I want to invest for my retirement"},{"utterance":"I want the best option to invest for my retirement"},{"utterance":"I'm worried about my retirement"},{"utterance":"I want to invest for my retirement"},{"utterance":"I would like to invest for my retirement"}],"intentConfirmationSetting":{"isActive":true,"declinationResponse":{"messageGroupsList":[{"message":{"ssmlMessage":null,"customPayload":null,"plainTextMessage":{"value":"I will be pleased to assist you in the future."},"imageResponseCard":null},"variations":null}],"allowInterrupt":true},"promptSpecification":{"messageGroupsList":[{"message":{"ssmlMessage":null,"customPayload":null,"plainTextMessage":{"value":"Would you like me to search for the best investment portfolio for you now?"},"imageResponseCard":null},"variations":null}],"maxRetries":4,"allowInterrupt":true}},"intentClosingSetting":null,"inputContexts":null,"outputContexts":null,"kendraConfiguration":null,"dialogCodeHook":{"enabled":false},"fulfillmentCodeHook":{"fulfillmentUpdatesSpecification":null,"postFulfillmentStatusSpecification":null,"enabled":true},"slotPriorities":[{"priority":2,"slotName":"age"},{"priority":3,"slotName":"investmentAmount"},{"priority":4,"slotName":"riskLevel"},{"priority":1,"slotName":"firstName"}]}