{"name":"riskLevel","identifier":"PXPIHUBFKA","description":null,"slotTypeName":"riskLevel","obfuscationSetting":null,"valueElicitationSetting":{"promptSpecification":{"messageGroupsList":[{"message":{"ssmlMessage":null,"customPayload":null,"plainTextMessage":{"value":"What level of investment risk would you like to take?"},"imageResponseCard":null},"variations":null},{"message":{"ssmlMessage":null,"customPayload":null,"plainTextMessage":null,"imageResponseCard":{"title":"What type of risk would you prefer?","buttonsList":[{"value":"Very Low","text":"Very Low"},{"value":"Low","text":"Low"},{"value":"Medium","text":"Medium"},{"value":"High","text":"High"},{"value":"Very High","text":"Very High"}],"subtitle":null,"imageUrl":null}},"variations":null}],"maxRetries":2,"allowInterrupt":true},"slotConstraint":"Required","defaultValueSpecification":null,"sampleUtterances":null,"waitAndContinueSpecification":null},"multipleValuesSetting":null}